qseqid	sseqid	evalue	pident	qstart	qend	sstart	send	sseq
K04564	MPSW01000651.1	3.12e-20	49.091	147	252	91579	91908	NHALYWAIMSPNPNSEERKPSGRIAQLIDETFGSYSNFQSMFENTALEVFGSGYAWLCLDVEQGGIKIRGTANQDSPLNLGLLPILVIDVWEHAYYLQHQNRRAAYVKNF
K04564	MPSW01000651.1	3.02e-05	50.000	79	124	88881	89018	YSLPDLPYGYDGLEPFIDEVTLRIHHMGHHGAYTKKLNAALKSWRE
K04564	MPSW01001707.1	1.36e-11	69.565	79	124	75744	75607	HTLPDLPYDYNALEPTISAEIMQIHHQKHHATYVNNLNVAEEKFAE
K04564	MPSW01001707.1	3.89e-08	54.286	200	269	55410	55201	LLKNKEYLKLSLFVNITMDCFHSGWVPLLGIDVWEHAYYLQYKNVRPDYVKAIHKVVNWANVAERYDAAK
K04564	MPSW01001707.1	9.61e-05	72.222	133	167	73462	73358	ALQPA-LKFNGGGHINHGIFWTNLSPNGGGEPTGIM
K11603	MPSW01000493.1	1.47e-17	29.832	13	243	24534	25196	VSLENVTCVWSHTSELPTLDNVSLSATNGQLVGITGPVGSGKTSLLMTILGEIPISSGKISCIGK----------IAFVSQTP---WVYSGTVRDNIVFGKEFHEQ--KYNKVIDVCDLEKDLASFTKRDLT--EIGQRGAILSGGQRARVSLARAIYSDADIYLLDDPFSAVDAKVGKHLFDRCIKEFLDGRMRILVTHQLQFLKETDSIVILRNGSVVCEGTYSRMKKDKQVASYF
K11603	MPSW01000493.1	1.02e-16	29.614	15	243	64705	64049	IENVTCFWSHTSERPTLDNVSLNATNGQLVGITGSVGSGKTSLLMTILGEIPISSGKMSFIGK----------MAFVSQTP---WVYSGTVRDNIVFGKEFHEQKYNKVIKVCDLEKDIASFTKRDLTEIGQRGV-ILSGGQRARVSLARAIYSDADIYLLDDPLSAVDAKVGRHLFDRCIKEFLDGRMRILVTHQLQFLKETDSVVILRNGSVVCHGTYSGIEQYRQAASCF
K11603	MPSW01000493.1	1.39e-11	28.440	15	227	93308	93913	LECISCSWDQLLERPTLKNVSLKATSGQLVGITGPVGSGKTSLLMSILEELPVSAGQTSCLGK----------IAYVSQTP---WVFSGTMRENILFGKTFVEQKYFEIIQACDLTVDISRFPKGDLTEIGQRGVI-LSGGQRARVSLARAIYADADIYLLDDPLSAVDAKVGKHLFDRCVKEFLDRRIRILV-THQLQFLKQ-ADYVVMLERGLVVY
K11603	MPSW01000493.1	4.51e-06	34.694	146	241	40065	40355	SNFSVGERQLVCLARALLQRSKIIILDEATANVDFKTDRLIQEVIRN-RFKDSTVVTIAHRLNTIMDYDKVLVMEQGRVVEFDKPEVLLQNKNGFLAR
K11603	MPSW01000493.1	5.07e-06	34.694	146	241	97362	97652	SNFSVGERQLVCLARALLQRSKIIILDEATANVDFKTDRLIQEVIRN-RFKDSTVVTIAHRLNTIMDYDKVLVMEQGRVVEFDKPEVLLQNKNGFLAR
K11603	MPSW01000493.1	2.57e-05	33.708	146	234	60926	60663	SNFSVGERQLVCLARALLQRSKIIILDEATANVDFKTDRLIQEVIRN-RFKDSTVVTIAHRLNTIMDYDKVLVMEQGRVVEFDKPEVLL
K11603	MPSW01000493.1	0.001	33.333	154	241	60655	60389	RXVCLARALLQRSKIIILDEATANVDFKTDRLIQVVIRD-RFKDSTVVIIAHRLNTIMDYDKVLVMEQGRVVEFDKPEVLLENKNGYLAR
K11603	MPSW01003415.1	1.27e-16	29.362	13	243	17124	16462	VSLENVTCVWSHTSELPTLDNVSLNATNGQLVGITGPVGSGKTSLLMTILGEIPISSGKMSFIGK----------MAFVSQTP---WVYSGTVRDNIVFGKEFHEQKYNKVIKVCDLEKDIASFTKRDLTEIGQRGV-ILSGGQRARVSLARAIYSDADIYLLDDPLSAVDAKVGRHLFDRCIKEFLDGRMRILVTHQLQFLKETDSVVILRNGSVVCHGTYSGIEQYRQAASCF
K11603	MPSW01003415.1	1.01e-15	28.571	13	243	10878	10216	VSLENVTCVWSHTSELPTLDNVSLNATNGQLVGITGPVGSGKTSLLMTILGEIPISSGKMSFIGK----------MAFVSQTP---WVYSGTVRDNIVFGKEFHEQ--KYNKVIEVCALKKDIASFTKRDLT--EIGQRGVILSGGQRARVSLARAIYSDAHIYLLDDPLSAVDAKVGKYLFDRCIKDFLDGRIRILVTHQLQFLKETDSIVVLRNGSVVCEGTYSRIEKDKQVACCF
K11603	MPSW01003415.1	3.76e-06	34.694	146	241	13339	13049	SNFSVGERQLVCLARALLQRSKIIILDEATANVDFKTDRLIQEVIRN-RFKDSTVVTIAHRLNTIMDYDKVLVMEQGRVVEFDKPEVLLQNKNGFLAR
K11603	MPSW01002194.1	2.63e-16	32.444	24	239	45022	44366	NILVLDKVSFSVTPGEVIALVGPSGGGKSTCISLLEHFYEPTSGEVLIDSIPVRNFEHKYLHSKVALVGQEPVLFARSIKENIAYG-LGNGGNIDQTLVE--RVSHLANAHSFISDMSEGYDTETGEKGLQLSGGQKQRVAIARALARNPRILLLDEATSALDAESEHLVQDAIYKNLA--GHTVLIIAHRLSTI-EKADKIVVIDQGRVIAQGKHRELVEQNGL
K11603	MPSW01000163.1	2.66e-16	32.444	24	239	109512	108856	NILVLDKVSFSVTPGEVIALVGPSGGGKSTCISLLEHFYEPTSGEVLIDSIPVRNFEHKYLHSKVALVGQEPVLFARSIKENIAYG-LGNGGNIDQTLVE--RVSHLANAHSFISDMSEGYDTETGEKGLQLSGGQKQRVAIARALARNPRILLLDEATSALDAESEHLVQDAIYKNLA--GHTVLIIAHRLSTI-EKADKIVVIDQGRVIAQGKHRELVEQNGL
K11603	MPSW01008800.1	4.25e-16	30.380	15	243	2003	1347	LEDVSCSWNQTTELPALQSVSLSPANGQLLGITGPVGSGKTSLLMTILGELPISSGKISCIG-------KIALVSQTP------WVYSGTVRDNIVFG--NQFDVQRYNKVIEVCDLEKDIASFTKRDLT--EIGQRGVILSGGQRARVSLARAIYSDADIYLLDDPLSAVDAKVGKHLFDKCIKEF-LDGRMRILVTHHLQFLKETDSIVVLQNGSVICEGTYSQIEKDKQVASCF
K11603	MPSW01008800.1	4.33e-16	30.380	15	243	8980	8324	LEDVSCSWNQTTELPALQSVSLSPANGQLLGITGPVGSGKTSLLMTILGELPISSGKISCIG-------KIALVSQTP------WVYSGTVRDNIVFG--NQFDVQRYNKVIEVCDLEKDIASFTKRDLT--EIGQRGVILSGGQRARVSLARAIYSDADIYLLDDPLSAVDAKVGKHLFDKCIKEF-LDGRMRILVTHHLQFLKETDSIVVLQNGSVICEGTYSQIEKDKQVASCF
K11603	MPSW01003661.1	5.11e-16	30.380	15	243	25612	24956	LEDVSCFWNQTTELPALQSVSLSAADGQLLGITGPVGSGKTSLLMTILGELPISSGKISCIG-------KIALVSQTP------WVYSGTVRDNIVFG--NQFDVQRYNKVIEVCDLEKDIASFTKRDLT--EIGQRGVILSGGQRARVSLARAIYSDADIYLLDDPLSAVDAKVGKHLFDKCIKEF-LDGRMRILVTHHLQFLKETDSIVVLQNGSVICEGTYSQIEKDKQVASCF
K11603	MPSW01003661.1	6.77e-16	30.802	15	243	18667	18011	LEDVSCSWNQTTELPALQSVSLSPANGQLLGITGPVGSGKTSLLMTILGELPISSGKISCIG-------KIALVSQTP------WVYSGTVRDNIVFG--NQFDVQRYNKVIEVCDLEKDIASFTKRDLT--EIGQRGVILSGGQRARVSLARAIYSDADIYLLDDPLSAVDAKVGKHLFDKCIKEFLDRRMRILV-THHLQFLKETDSIVVLRNGSVICEGTYSRIEKDKQVASCF
K11603	MPSW01010376.1	1.67e-15	29.091	27	241	3239	2634	TLQNISIEIGNKQLVAITGPVGCGKTSLLQAILGELPCHSGEITYSGS----------IAYVPQ---LPWVFSGTVRENITFGK--SLDTVRYQKILQACSLEKDLQQFSKGDFT--HIGQRGVSLSGGQRARICLARALYADANIFLLDDPFSAVDFQVGSHLFKECILGLLAEKICVLV-THQHQFLTRVDTIFVMKQGTIVCHGKYNELQSKDILSK
K11603	MPSW01003430.1	3.66e-15	31.884	28	233	2432	1857	LQDIELTTTSGSLTVVTGPVGSGKSTLLSAIAGEISDTSGITRPET-----------IAYVPQ---VAWVFSGTLRENILFGQPYDEHRYTRIIKACALMEDIQQFPNGDETIVGERGV-VLSGGQRARVSLARAVYVDADLYLLDDPLSAVDVKVGQQIFEKCIKDLLGNKTRLLTTHQEQHMKEAHQVIVLYKGRVLSKGKFTEL
K11603	MPSW01003430.1	1.32e-13	32.456	13	233	21948	21316	LRVSNLTYRQIERQDEYVLQDIEFSTAPQSLTVITGPVGSGKSTLLSAIAGEISDVSGTITFPGTPV----------YVPQTA---WIFSGTIRENILFGQPYDETKYSRVIEACALTEDIQRFPDYDQTVVGER--GEVLSGGQQARVGLARAVYADADLYLLDDPLSAVDFKVSQHIFKTCIIDLLGEKTRVLTSHHE-QHMKE-ADQVIVLYKGRVLEKGSFTEL
K11603	MPSW01003430.1	8.26e-13	31.390	13	228	15729	15112	LYVSNLTYRQIERQDEFILQDIEFFIASQSLTVITGPVGSGKSTLLSAIAGEISEVSGTITLPGTLV----------YVPQTA---WIFSGTIRENILFGQAYDESKYTRVIEACALTEDIQRFPDYDQTVVGER--GEVLSGGQKARVSLARAIYADADLYLLDDPLSAVDFKVGQHIFKSCINDLLGDKTRVLTS-HQEQHMKE-ADQVIVLYKGRVLEKG
K11603	MPSW01003430.1	1.33e-06	26.339	13	220	12274	11654	ITFQDVSLTYYPGAPQVLKRINLNIKGGTKIGVAGRTGAGKSSFVAALMRM--PDADGDILVDDIPIKQINLQDARRC--ISVLGQSPVL---FSGSLRK--------NLDLLEQLQDADLWRALEKVQLKELVESLDGKLDHELLEHGANVSVGERQLICLARVLLQQSKIVILDEPTAHVDPETEQTIWNVVREKLKE-STVITIAHRLSTIKD-CDMVLVL
K11603	MPSW01008010.1	1.08e-14	30.516	27	227	6237	5659	ALRDISFSVSRGQMLAVTGPVGGGKSSLLMAILGELPTLNGSVSVNGR----------IAYLSQ---MPWVFSGTIRDNILFGRS------FEPRRYQEIVEVCCMQADLHNFPQGDLTEIGHRGV-SLSGGQRARVSLARALYSDADIYLLDDPLSAVDAKVGKHLFDRCICGFLSGRTRVFVTHQLDYLAHLDSIIVLREGAQVNERVCLH
K11603	MPSW01008978.1	1.58e-14	33.493	28	233	7809	7231	LENIELTAAAQSLTVITGPVGSGKSTLLSAIAGEVSNTSGKIAFQGTLV----------YVPQTA---WVFSGTIRENVLFGQPYDEPKYSRVMEACALTEDIQRFPEYDQTIVGER--GEVLSGGQRARVGLARAVYSDADLYLLDDPLSAVDYKVGQHIFEKCIKGFLSDKTCLLVSHQEQHMKE-ADEVVMFYRGRVLKKGSFAEL
K11603	MPSW01008978.1	4.98e-06	27.919	31	221	3357	2791	INLNIKAGAKVGVAGRTGAGKSSFVAALMRMPDAEGEIMVDGIRMKEINLREARRC--ISVLGQSPVL---FSGSLRKNLDLAEQFQDVDLWRA--LEDVQLKELVESFEGQLDHELLEHGANVSVGERQLVCLARVLLQRSKIIVLDEPTSHVDPETEKTIWNVVRE-KLKDSTVITIAHRLNTIKDCDMILVLKN
K11603	MPSW01003188.1	2.73e-13	30.638	13	233	18335	17703	LCVSSLTHRHTKREDDFILQDIQFSTKSQSLTVITGPVGSGKSTLLSAIAGEITDISGKITFQGSFV----------YVPQTA---WIFSGTIRENILFGQ---------PHDEQKYTRVIEACALKEDIQRFPDYDQTVVGERGEVLSGGQQARVSLARAVYADADLYLLDDPLSAVDVKVGQHIFETCINELLGNKTRVLTS-HQEQHMKE-ADQVIVLYKGRVLEKGSFTEL
K11603	MPSW01003188.1	9.08e-06	26.728	13	220	14273	13653	ITFQDVSLTYYPGGPQVLKRINLNIKGGTKIGVAGRTGAGKSSFVAALMRM--PDADGDILVDDIPIKQINLQEARRC--ISVLGQSPVL---FSGSLRKNLDFLEHLQDADLWRAL-EDVKLKELVESLEGQLDYELLEHGANLSVGERQLICMARVLLQQNKIVILDEPTAHVDPEREQTIWNVVRE-KLKDSTVITVAHRLSTIKD-CDMILVL
K11603	MPSW01000443.1	2.10e-12	30.049	28	229	77312	77878	LQDIELTTTSGSLTVVTGPVGSGKSTLLSAIAGEISDTSGIITCPETFV----------YVPQ---VAWVFSGTLRENILFGQPYDEHRYSRIIKACALMEDIQQFPNGDQTAVGERGV-VLSGGQRARVSLARAVYVDVDLYLLDDPLSAVDVKVGQQIFEKCIKDLLGNKTRMLTTHEELHMKEAHQVIVLYKGRVLGKGK
K11603	MPSW01000443.1	4.32e-06	25.688	13	220	81229	81849	ITFQDVSLTYYPGGPQVLRKINLNIKGGAKIGVAGRTGAGKSSFVAALLRM--PDTDGEIMVDGVKIKKINLQQARRC--ISVLGQSPVL---FSGSLRKNLDLVERFQDADLWRV--LEDVQLIDLVEGLEGQLDHELLEHGANVSVGERQLICLARVLLQQNKIIVLDEPTAHVDPQTEQTMWSVVRE-KLKNSTVITIAHRLNTIRD-CDKILVF
K11603	MPSW01000443.1	2.18e-05	38.462	146	210	81983	82174	ANVSVGERQLICLARVLLQQNKIIVLDEPTAHVDPQTEQTMWSVVRE-KLKGSTVITIAHRLNTI
K11603	MPSW01000976.1	2.13e-12	29.358	23	227	103080	102508	ADTFTLRNVTLNVCKGEILAITGPVGSGKSSLLTAVLGEIPVCEGTISYYGK----------VSYVPQ---VPWVFSGTVKENILFG---------LPFNEEKFQQIVDICGLTKDLAVFSNGDLT--EIGQRGAILSGGQKARVGLARAVYSDADIYLLDDPLSAVDTKVGRNLFKSCILKYLS--GHIRLLVTHQLQYLKDL-DHIAVMKNGTIAH
K11603	MPSW01000976.1	4.03e-11	28.440	23	228	91541	90963	GPAHSLRGITLNASRGDLIAITGAVGSGKSSLLTAILGELPLRKGKISYHGK----------VAYAPQ---IPWVFSGTIRENILFG-------LPFDQKKFQRILDICGLTKDLADLTNGDLTEIGQRGASLSGGQKARVGLARAVYSDADIYLLDDPLSAVDTKVGRKLFNSCILDYL-----SGRIRLLVTHQLQCLKDVDRIAVMKNGSIICQG
K11603	MPSW01000976.1	4.31e-06	37.778	143	231	98465	98199	RECGTNLSVGERQLVCLARALVQKSKIIIMDEATANVDFKTDRLIQEVIRD-KFKDSTVLSIAHRLNTIMDYDRVLVLSGGRVAEFDEPE
K11603	MPSW01000976.1	2.85e-04	35.165	146	235	107382	107116	NNLSVGERQLVCLARGLLQNNKIVILDEATANVDFKTDRLIQEVIRT-KFKNVTVLTIAHRLDTIID-YDRVMVLDRGSVVEFDKPSALLN
K11603	MPSW01004484.1	3.25e-12	31.707	28	222	48981	48439	LQDVGFTTTPGGLTIITGPVGSGKSTLLSAIAGEVSDISGIVTCRGSLV----------YVPQ---IAWIFSGTISENVLFGQ---------AYNEDKYNSVLNSCALMKDVQQFPDYDQTVVGECGAVLSGGQRARVSLARAVYADADIYLLDDPLTAVDFKVGQHIFRQCIKGLLGDKTRVLI-CHEERYMKE-ADEVIVLDK
K11603	MPSW01004484.1	1.06e-08	27.753	18	237	42009	41356	LTYYPGGPQVLENINLEIKGGEKIGVAGRTGAGKSSFVAALLRM--PDAVGDVIIDGVRLKEMNLQEARRC--VSVLGQSPVL---FSGSLRRNLDLMGQFQDVDLWRALDEVRLKQMVENLEGQLDYELLERGTN-VSVGERQLICLARVLLQQNKIIILDEPTAHVDPDTEQTIWNTVRE-KLRNSTVITIAHRLNTIKDCDKILVFREGKVVEVGTFDALLKSE
K11603	MPSW01002621.1	7.37e-12	29.694	13	228	10814	10197	LCVSNLTNRQIERQDEFILQDIEFSTAPQSLTVITGPVGSGKSTLLSAIAGEISEVSGTITFQGSFV----------YVPQTA---WIFSGTIRENILFG---------QPYDETKYTSVIEACALKEDIQRFPDYDKTVVGERGEVLSGGQKARVSLARAVYADVDLYLLDDPLSAVDFKVGQHIFETCINDLLGDKTRVLTS-HQEQHMKEANQVIVLYKGRVLEKG
K11603	MPSW01005204.1	2.17e-11	30.303	13	233	5423	4791	LSVSSLSCKLYESGEKYLLQEVSFEASKSSLTVITGQVGSGKSTLLAAIAGEVIQSSGNIVC----------SGTIAYVSQTA---WVFSGTLRENVLFGE-----PYDEKKYADVIEACALNEDVNRFSNGDLSFVGEHGVAMSGGQRARLNLARAVYADADVYLLDDPLSAVDAKVSEHIFDQCVCKLLKEKVIILATYAEKHM--KAADQVVVLHKGSLLAKGSFNEL
K11603	MPSW01005204.1	2.45e-11	30.303	13	233	11903	11271	LSVSSLSCKLYESGEKYLLQEVSFEASKSSLTVITGQVGSGKSTLLAAIAGEVIQSSGNIVC----------SGTIAYVSQTA---WVFSGTLRENVLFGE-----PYDEKKYADVIEACALNEDVNRFSNGDLSFVGEHGVAMSGGQRARLNLARAVYADADVYLLDDPLSAVDAKVSEHIFDQCVCKLLKEKVIILATYAEKHM--KAADQVVVLHKGSLLAKGSFNEL
K11603	MPSW01005204.1	1.96e-04	39.683	148	210	32646	32461	LSVGERQLICLARTLLQQSKIVILDEPTANVDPYTERTIWSTVHE-KLKNSTVVTIAHRLNTV
K11603	MPSW01005204.1	2.12e-04	39.683	148	210	26088	25903	LSVGERQLICLARTLLQQSKIVILDEPTANVDPYTERTIWSTVHE-KLKNSTVVTIAHRLNTV
K11603	MPSW01005204.1	3.34e-04	34.667	148	222	439	224	LSVGERQLICLARTLLQQSKIVILDEPTAHVDPNTERTIWSTVHD-KMKNSTIITIAHRLNTVKDC--DVILVLR
K11603	MPSW01006800.1	2.84e-11	30.093	28	233	5574	4996	LQDIEFSTASQSLTVITGPVGSGKSTLLSAIAGEISDVSGTITF----------LGTLVYVPQTA---WIFSGTIRENILFGQPYDAPKYNRV----IEACALTEDIQRFPDYDQTVVGERGEVLSGGQKARISLARAGYADADLYLLDDPLSAVDLKVGQHIFKACINDLLG-----GKTRVLTSHQEHYMKE-ADQVIMLYKGRVLEKGSFTEL
K11603	MPSW01006800.1	3.30e-05	25.000	13	232	2316	1675	ITYQDVSLTYYPGGPQVLKKINLNIKGGTKIGVAGRTGAGKSSFMAALLRM--PDAAGDILVDDIPIKQINLQEARRC--ISVLGQSPVL---FSGSLRK--------NLDLLEQLQDVDVWQVLEDVQLKEFVESLNGKLDHELLENGANVSVGERQLICLARVLLQQNKIVILDEPTAHVDPETEQTIWNVVRE-KLKDSTVITIAHRLSTIKDC--DMIL----VLKDGEVDE
K11603	MPSW01000044.1	6.46e-11	27.451	27	228	28920	29489	TLNNITLNVGCNDNMLAITGAVGSGKSSLLTAILEELPLCAGHVSFYGK----------VAYVPQ---IPWVFSGTIRENILFGLPFNQEKFLNVVHVCGLTKDLAVFSNGDMTEIGQRGV-TLSGGQKARVGLARAVYSDADIYLLDDPFSAVDIKVGRRLFDACIVGHLSGRIRLLVTHQLQYLKDVHDIAVMENGSIVHQG
K11603	MPSW01003280.1	1.43e-10	29.703	28	228	18192	17629	LQDIELFARPRSLAIITGPVGSGKSTLLSAIAGEVLDISGTVTYQGTLV----------YVPQ---IAWVFSGTIRENILFGQPYDKDWYNRILEACSLVEDIQQFPEYDQTVVGECGAVLSGGQRARVSLARAVYADADVYLLDDPLSAVDFKVGRQIFESCINGVLSDKTRVLTSHQEEHMRK-ADEVIVLYKGRVLEKG
K11603	MPSW01003280.1	6.69e-07	28.922	16	210	13783	13199	QDVSLTYYPGGPQVLKNINLEIKGGEKIGVAGRTGAGKSSFVAALLCM--PDAVGDVIIDGVRLKEINLQEARRC--VSVLGQSPVL---FSGSLRRNLDLMEQFQDADLWRALDEVRLKQMVENLEGQLDYELLERGTN-VSVGERQLICLARVLLQQNKIIILDEPTAHVDPDTEQTIWNTVRE-KLRNSTVITIAHRLNTI
K11603	MPSW01007180.1	1.53e-10	36.782	149	233	7472	7726	SGGQKARVSLARAVYADADLYLLDDPLSAVDFKVGQHIFKTCINDLLGEKMRVLTS-HQEQHMKK-ADQVIVLYKGRVLEKGSFTEL
K11603	MPSW01007180.1	1.53e-10	31.683	13	110	7093	7356	LCVSNLTNRQIERQDEFILQDIEFYTAPQSLTVITGPVGSGKSTLLSAIAGEISEVSGTITFQGSFV----------YVPQAA---WIFSGTIRENILFGQ
K11603	MPSW01007180.1	6.99e-05	38.462	146	210	10136	10327	ANVSVGERQLICLARVLLQQNKIVILDEPTAHVDPETEQTIWNVVHEKLKE-STVITVAHRLSTI
K11603	MPSW01009956.1	1.70e-10	30.500	28	220	11542	10973	LEDLNLNIDGQSKIGIVGRTGAGKSSITAAILCM--PEVEGQIKIDGVELNNFNVQESRKC--ISVLNQSPVV---FSGSLRKNLDPLGKHSDVELWDALETVQLKPLVETLQGKLDCILNYRGMN-LSAGEKQLICLARVLLQESKIVILDEPTAHVDPKTEQIIHETIRE-KLKNSTVITIAHRLKTI-EDCDKIIEL
K11603	MPSW01009956.1	1.31e-08	29.787	40	222	14726	14229	ITGAVG---SGKSTLLSVIAGEIPVTKGNIQC----------CGTIAYVPQ---MPWVFSGTLRENILFGRPFDFDKYIQTIRACSLEEDIEGFPDKDQVIVGERGD----TLSGGQQVRISLARAVYAECDIYLLDNPLAALDMNVSNHIFKDCVLGLLSNKVRLMVS-HQESHM-KLADQVIVLHN
K11603	MPSW01004675.1	3.34e-10	28.079	27	227	56269	56829	TLKNVSLKATSGQLVGVTGPVGSGKTSLLMSILEELPMSAGQTSCIGK----------IAYVSQTP---WVFSGTMRENILFGKTFVEHKYLEIIQACDLAVDITRFPKGDLTEIGQRGVI-LSGGQRARVSLARAIYSDADIYLLDDPLSAVDAKVGKHLFDRCVKEFLDKRIRILV-THQLQFLKQ-TNYVIMLEKGLVVY
K11603	MPSW01004675.1	5.05e-06	34.694	146	241	60806	61096	SNFSVGERQLVCLARALLQRSKIIILDEATANVDFKTDRLIQEVIRN-RFKDSTVVTIAHRLNTIMDYDKVLVMEQGRVVEFDKPEVLLQNKNGFLAR
K11603	MPSW01000560.1	4.57e-10	30.476	22	218	83974	83420	YGDWNKLTLKNLCLSVCKGDLVFITGCVGCGKSSLLQAILQEIPLLKGHISSRGK----------ISWVGQQP---WVFSGTIRENILFGEPFDPQRY-HMIL----RTCDPDTNIQRFPDADTTLVGERGI-VLSGGQRTRVGLACALYSDADIYLLDDPLSALDTKVGYHIFKTCVIELLCD-----KTRLMTTHNLEILRE-ADNIV
K11603	MPSW01000560.1	4.57e-10	30.476	22	218	78273	77719	YGDWNKLTLKNLCLSVCKGDLVFITGCVGCGKSSLLQAILQEIPLLKGHISSRGK----------ISWVGQQP---WVFSGTIRENILFGEPFDPQRY-HMIL----RTCDPDTNIQRFPDADTTLVGERGI-VLSGGQRTRVGLACALYSDADIYLLDDPLSALDTKVGYHIFKTCVIELLCD-----KTRLMTTHNLEILRE-ADNIV
K11603	MPSW01006511.1	7.29e-10	29.437	13	233	22140	21520	LCVTSLTHRHTKREDDFILQDIQFSTRSQSLTFITRPVGSVKSTLLSTIAGEITDISGKITFQGSFV----------YVHQTA---WIFSGTIRENVLFGQPKYNGVIESCALTEDIQRFP---------DYD*TVVGERGEVLSGGQKARVSLARAVYAGADLYLLDDPLSAVDVKVGQHVFETCINELLGDKTRVLTS-HQKQQMKE-ADQVIVLYKGRMLEKGSFTEI
K11603	MPSW01006511.1	5.79e-04	36.486	147	220	18084	17869	NLSVGERQLICLARVLLH*SKIVILDEPTAHVDPETAQTIWNVVREKLKE-STVITIAHRLSTIKD-CDMILVL
K11603	MPSW01000704.1	9.83e-10	30.348	24	222	15635	16189	EAPVLSDVSIEVAEGKLLLVTGPVGCGKSSLLLALLEELPPSTG----------KVTRNGKIVYVPQTA---WAYSGTLRENILFNQAFDQEKYDRTIEACDLKKDIAMLPEGDKTLLGERG-ASLSGGQRARVNLARAVYSDADIYLLDDPLSAVDAKVGKHIFENCINGLLSNKVRVLV-THQLQYMKS-ADYIVILDK
K11603	MPSW01000541.1	1.07e-09	30.000	13	206	98839	98285	LCVSKLTYRQIERQNEFILQDIQFSTTSQSLTVITGPVGSGKSTLLSAIAGEISEICGTMTFNGTLV----------YVPQTA---WIFCGAIRENILFGQPYDETKYARVIEVCALTDDIQRFPDYDQTVLGER--GEVLGGGQKARVSLARAVYADADLYWLDDPLSAVDLKVGQHIFKTCINDLLGDKMRVLTSHHE
K11603	MPSW01000429.1	1.10e-09	30.198	26	220	262075	261500	IVLKNLNLNIDGQSKIGIVGRTGAGKSSIIAAILRM--PEASGKITIDGVEVNDLNVQESRKC--ISVLNQSPVV---FSGSLRKNLDPLGKHSDVELWDALETVQLKPLVETLQGKLDCILNYRGMN-LSAGEKQLICLARVLLQESKIVILDEPTAHVDPKTEQIIHETIQE-KLKNSTVITIAHRLKTI-EDCDKIVQL
K11603	MPSW01000429.1	1.38e-09	27.632	21	244	265294	264662	RDGQYVSLKSINFEDEDDNFVIITGPVGSGKSTFLSVIAGQIPVTEGNIQC----------CGTIAYVPQTP---WVFSGTLRENILFGRPFDFDKYIRTIRACALEDDVEGFPDKDQVIVGER--GETLSGGQQVRISLARAVYADCDIYLLDNPLAALDMNVSNHILKYCILGLLSNKVRLMVSHQE--SHMKLADQVIVLHNGSMIDKGTFMELNEKETLKEILG
K11603	MPSW01000693.1	3.15e-09	28.511	27	248	175990	175379	CLKSLNLSVDKGDLAFITGRVGAGKSSLLYAILREIPLING----------KTSSVGKIAWVGQQP---WVFSGTVRDNVLFGE------PFDPKRYDLTLHVCDL-------IKDLQRFPDGDMTVVGERGTVLSGGQQARVELARAVYSNADIYLLDDPLSAVDSKVGHDIFERCINGLLDNKTRLMITHNLAVLRDAKHIVVMEEGSISAKGRFSTL-----CASGFDLDAI
K11603	MPSW01000693.1	5.18e-04	24.664	28	237	172457	171834	LKDITFSVNSNEKIGIVGRTGAGKSSLVSALFRMPQP-TGQVIIDDVDTGKINIQSARRA--MSVITQN-------PVLFTGSLRM----NLDPFEEYSDQELWDALEEASLKTMVEKLPKQLSEEIKECGANFSVGERQLLCLARALLRRSKIIIMDEATANVDYKTDQLIQETIH-TKSKNCTVITIAHRLNTIIDYDRVLVLENGQVVEYDKPEILLQNE
K11603	MPSW01003206.1	5.89e-09	28.319	27	248	26991	26380	TLNSLCLSVGQGDLVFITGRVGCGKSSLLYTILREIPLITGVISYQGK----------IAWVGQQP---WIFSGTVRDNILFGE--PFDPNRYEKALEACDLTKDLQRFPDGDLT--VVGERGTVLSGGQQARVELARAVYSNADIYLLDDPLSAVDSKVGHDIFEKCINGLLDNKTRLMITHNLEVLQDANHIVVMEEGSILAKGDFSTL-----CASGFDLDTI
K11603	MPSW01003206.1	8.10e-05	27.189	28	237	10891	10268	LKDVNFSVDSQEKIGIVGRTGAGKSSLVSALFRMPQP-TGKVIIDDVDIGKINIQSARRA--MSAITQNPIL---FTGSLRMNLDPFEKYADQELWGALEEASLKTMVENLSNQLSEEI--KECGANFSVGERQLLCLARALLRRSKIIIMDEATANVDYKTDQLIQETIR-TKFKHCTVITIAHRLNTIIDYDRVLVLENGQVVEYDKPEILLQNE
K11603	MPSW01003052.1	9.65e-09	27.461	16	203	18296	17760	ENVSCHWGGGNKSVALRNLTFRAATKELTLINGPAGCGKSSLLAAILGEVPPTEGYISCVGK----------ITYVPQ---IPWIFSNTLRENILFGKQYNPFRYQAIVNACNLQKDIDKLSDGDLTVVGNNGYG-LTEDQKARVGIARAAYSDADIYLLDDPFCAVDARVAEQVFGKCICGLLSKRIRILVS
K11603	MPSW01002063.1	3.24e-08	29.146	28	220	26299	26868	LEDLNLNIDGQSKIGIVGRTGAGKSSITAAVLRMPQVE-GQITIDGVDLNNLNVQESRKC--ISVLNQSPVV---FSGSLRMNLDPLGKHSDAELWDALEAVQLKPLVETLQGKLDYTLKYRGMN-LSAGEKQLICLARVLLRESEIVILDEPTAHVDPKTEQIIHETIRE-KLKNSTVITIAHRLKTI-EDCDKIVEL
K11603	MPSW01002063.1	4.59e-07	28.426	32	221	23177	23710	SFSFEAKDENFVVITGPVGSGKSTLLSVMAGEMPVTEGNLQC----------SGTVAYVPQ---MPWVFSGTVRENILFGRPFDFDKYIQTIRACALEEDIEGFPEKDQVIVGERGD----TLSGGQQVRISLARAVYADCDIYLLDNPLVALDMNVSNHIFKHCILGLLSNKVRLMVS-HQESHM-KLADQVIVLH
K11603	MPSW01004578.1	1.14e-07	29.717	26	233	11683	12267	FILQGIEFSTE*QSLTVITGPVGSGKSTLLSAIAGEISEVSRTITFQGSFV----------YVLQAA---WIFSGTIRENILFVQPYDEPKYSRVIEACALTEDVQWFPNYDQTVVGER--GEILSGGQKARVSLARAVYADADLYLLDDPLSVVDFKVGQHIFETCINDLLGDKTQVLAS-HQEQHMKE-ADQVIVMYKGRVLEKGSFTEL
K11603	MPSW01000721.1	1.43e-06	44.444	23	76	48118	48279	GSKVAVDELSLNIFKGQITALLGHNGAGKTTTISMLTGLFPPSSGSAHIDGKSI
K11603	MPSW01001705.1	2.78e-06	30.357	13	110	33370	33705	LEQFSLQGSTGSKVAVDGLTLNMYKGQITALLGHNGAGKTTTMSILTGLFPPTSGSAHVDGKSILTDMEAIRESLGLCPQHNVLFDRLTVKEHLEFFINLKVHIREVIYYGQ
K11603	MPSW01008230.1	1.02e-05	33.333	146	238	10613	10338	SNFSVGERQLVCLARALLQRSKIIILDEATANVDFKTDRLIQEVIRN-RFKDSTVVTIAHRLNIIMDYDKVLVMEQGRVVEFDKPEILLQHKN
K11603	MPSW01000581.1	1.57e-05	41.071	23	78	46274	46441	GNKLAVDGLNLNLYQGQITSFLGHNGAGKTTTMSVLTGLFPPTSGTAIINGHDIRK
K11603	MPSW01001040.1	2.06e-05	41.818	23	77	63605	63769	GENVAVNEVSMNMYEGQITALLGHNGAGKTTLMSMLTGLFPATSGSALVNGCSIS
K11603	MPSW01001040.1	2.59e-04	42.308	26	77	34255	34100	IAVNGVSLNMYEGQITALLGHNGAGKTTLMSMLTGLFPATSGSALVNGCSIS
K11603	MPSW01001218.1	2.63e-05	27.368	13	192	226012	225470	ITLRDVSMTYYPGGPQVLKKINLNIKGGAKTGVAGRTGVGKSSFVAALMRM--PDAHGDIVIDKIHIRDLNLQEARR--YISVLGQSPVL---FSGSLRRNLDVLGQFDEADLWQA--LEDVQLKELVGTLGGQLDHELLEHGANVSVGERQLICLARVLLQQNKIVILDEPTAHVDPDTEQTIWNVVRE
K11603	MPSW01005703.1	7.65e-05	33.721	146	230	4419	4670	SNFSVGERQLVCLARALVQKSKVIIMDEATANVDFKTDRLIQDVIRD-KFKDSTVLTIAHRLNTIMDY-DKVLVLNGGRVVEFDKP
K11603	MPSW01008157.1	1.00e-04	24.645	13	207	1502	2086	ITFQDVSLTYYPGGPQVLKKINLNIKGGTKIGVAGRTGAGKSSFVAALIRM--PDANGDILVDDIPIKQINLQEARRC--ISVLGQSPVL---FSGSLRK--------NLDLLEQLQDSDLWRALENVQLKALVESLEGKLDHELLEHGTNLSVGERQLICLARVLLHQSKIVILDEPTAHVDPETEQTIWNVVRE-KLKDSTVITIAHRL
K11603	MPSW01005733.1	1.69e-04	33.333	146	244	5613	5888	ANVSVRERQLICLARVLLQQSKIVILDEPTAHVDPETEQTIWNVVHE-KLKDSTVITVAHRLSTIKD-CDMVF-----VLKDGEVDEFDTFDTLVNKKG
K11603	MPSW01005733.1	8.25e-04	38.667	158	232	6162	6365	LARVLLQQSKIVILDEPTAHVDPETEQTIWNVVREKLKE-STVITIAHRLSTIKDC--DIIL----VLKDGEVDE
K11603	MPSW01000445.1	3.20e-04	38.983	147	205	288337	288176	QLSGGQKQRIAIARALVKDPRILLLDEATSALDSESESIV-----QAALEKVSYLTAIH
K11603	MPSW01000445.1	5.14e-04	41.667	147	194	307978	307835	QLSGGQKQRIAIARALVKDPRILLLDEATSALDSESESIVQAALDKVS
K11603	MPSW01000557.1	5.76e-04	37.037	23	76	49251	49412	GKKLAVDGLTLNLYEGQITSFLGHNGAGKTTTMSILTGLFPPTAGTAYVYGCDI
K11710	MPSW01000493.1	1.32e-07	33.028	12	225	24534	25151	VSLENVTCVWSHTSELPTLDNVSLSATNGQLVGITGPVGSGKTSLLMTILGEIPISSGKISCIGK--------IAFVSQ---TPWVYSGTVRDNIVFGKEFHEQKYNKVIDVCDLEKDLASFTKRDLTEIGQRG-AILSGGQRARVSLARAIYSDADIYLLDDPFSAVDAKVGKHLFDRCIKEFLDGRMRILVTHQLQFLKETDSIVILRNGSVVCEG
K11710	MPSW01000493.1	9.40e-06	31.797	14	226	64705	64091	IENVTCFWSHTSERPTLDNVSLNATNGQLVGITGSVGSGKTSLLMTILGEIPISSGKMSFIGK--------MAFVSQ---TPWVYSGTVRDNIVFGKEFHEQKYNKVIKVCDLEKDIASFTKRDLTEIGQRGVI-LSGGQRARVSLARAIYSDADIYLLDDPLSAVDAKVGRHLFDRCIKEFLDGRMRILVTHQLQFLKETDSVVILRNGSVVCHGT
K11710	MPSW01000493.1	9.09e-05	33.333	14	177	93308	93775	LECISCSWDQLLERPTLKNVSLKATSGQLVGITGPVGSGKTSLLMSILEELPVSAGQTSCLGK--------IAYVSQ---TPWVFSGTMRENILFGKTFVEQKYFEIIQACDLTVDISRFPKGDLTEIGQRGVI-LSGGQRARVSLARAIYADADIYLLDDPLSAVDA
K11710	MPSW01003415.1	6.85e-07	31.441	12	230	10878	10246	VSLENVTCVWSHTSELPTLDNVSLNATNGQLVGITGPVGSGKTSLLMTILGEIPISSGKMSFIGK--------MAFVSQ---TPWVYSGTVRDNIVFGK-------EFHEQKYNKVIEVCALKKDIASFTKRDLTEIGQRGVILSGGQRARVSLARAIYSDAHIYLLDDPLSAVDAKVGKYLFDRCIKDFLDGRIRILVTHQLQFLKETDSIVVLRNGSVVCEGTYSRI
K11710	MPSW01003415.1	2.42e-06	31.963	12	226	17124	16504	VSLENVTCVWSHTSELPTLDNVSLNATNGQLVGITGPVGSGKTSLLMTILGEIPISSGKMSFIGK--------MAFVSQ---TPWVYSGTVRDNIVFGKEFHEQKYNKVIKVCDLEKDIASFTKRDLTEIGQRGVI-LSGGQRARVSLARAIYSDADIYLLDDPLSAVDAKVGRHLFDRCIKEFLDGRMRILVTHQLQFLKETDSVVILRNGSVVCHGT
K11710	MPSW01008800.1	9.33e-07	30.120	1	240	9019	8324	LGQTSQNIKPGIFLEDVSCSWNQTTELPALQSVSLSPANGQLLGITGPVGSGKTSLLMTILGELPISSGKISCIGK--------IALVSQ---TPWVYSGTVRDNIVFGNQFDVQRYNKVIEV-----CDLEKDIASFTKRDLTEIGQRGVI-LSGGQRARVSLARAIYSDADIYLLDDPLSAVDAKVGKHLFDKCIKEFLDGRMRILVTHHLQFLKETDSIVVLQNGSVICEGTYSQIEKDKQVASCF
K11710	MPSW01008800.1	9.95e-07	30.120	1	240	2042	1347	LGQTSQNIKPGIFLEDVSCSWNQTTELPALQSVSLSPANGQLLGITGPVGSGKTSLLMTILGELPISSGKISCIGK--------IALVSQ---TPWVYSGTVRDNIVFGNQFDVQRYNKVIEV-----CDLEKDIASFTKRDLTEIGQRGVI-LSGGQRARVSLARAIYSDADIYLLDDPLSAVDAKVGKHLFDKCIKEFLDGRMRILVTHHLQFLKETDSIVVLQNGSVICEGTYSQIEKDKQVASCF
K11710	MPSW01003661.1	1.31e-06	29.719	1	240	18706	18011	LGQTSQNIKPGIFLEDVSCSWNQTTELPALQSVSLSPANGQLLGITGPVGSGKTSLLMTILGELPISSGKISCIGK--------IALVSQ---TPWVYSGTVRDNIVFGNQFDVQRYNKVIEV-----CDLEKDIASFTKRDLTEIGQRGVI-LSGGQRARVSLARAIYSDADIYLLDDPLSAVDAKVGKHLFDKCIKEFLDRRMRILVTHHLQFLKETDSIVVLRNGSVICEGTYSRIEKDKQVASCF
K11710	MPSW01003661.1	3.10e-06	30.120	1	240	25651	24956	LGQTSQDIKPRIFLEDVSCFWNQTTELPALQSVSLSAADGQLLGITGPVGSGKTSLLMTILGELPISSGKISCIGK--------IALVSQ---TPWVYSGTVRDNIVFGNQFDVQRYNKVIEV-----CDLEKDIASFTKRDLTEIGQRGVI-LSGGQRARVSLARAIYSDADIYLLDDPLSAVDAKVGKHLFDKCIKEFLDGRMRILVTHHLQFLKETDSIVVLQNGSVICEGTYSQIEKDKQVASCF
K11710	MPSW01010376.1	5.42e-06	33.898	6	176	3308	2820	NNSESRISLNNVSCSWNETDDLQTLQNISIEIGNKQLVAITGPVGCGKTSLLQAILGELPCHSGEITYSGS--------IAYVPQ---LPWVFSGTVRENITFGK--SLDTVRYQKILQACSLEKDLQQFSKGDFTHIGQRGVS-LSGGQRARICLARALYADANIFLLDDPFSAVD
K11710	MPSW01008010.1	1.60e-05	36.585	21	177	6252	5815	HEDRKALRDISFSVSRGQMLAVTGPVGGGKSSLLMAILGELPTLNGSVSVNG--------RIAYLSQ---MPWVFSGTIRDNILFGR-------SFEPRRYQEIVEVCCMQADLHNFPQGDLTEIGHRGVSLSGGQRARVSLARALYSDADIYLLDDPLSAVDA
K11710	MPSW01004675.1	7.05e-05	33.333	14	177	56224	56691	LECISCSWDQRLERPTLKNVSLKATSGQLVGVTGPVGSGKTSLLMSILEELPMSAGQTSCIGK--------IAYVSQ---TPWVFSGTMRENILFGKTFVEHKYLEIIQACDLAVDITRFPKGDLTEIGQRGVI-LSGGQRARVSLARAIYSDADIYLLDDPLSAVDA
K11710	MPSW01001436.1	8.06e-05	32.895	6	78	25810	25583	ENIHGQVDFKNVTFSYPTRPTQTVLKDFTLSMPAGKMVALCGSSGAGKSTVAALLERFYDVDSGCISVDGHDITSL
K11710	MPSW01000704.1	4.18e-04	34.842	25	240	15641	16267	PVLSDVSIEVAEGKLLLVTGPVGCGKSSLLLALLEELPPSTGKVTRNGK--------IVYVPQTA---WAYSGTLRENILFNQAFDQEKYDRTIEACDLKKDIAMLPEGDKTLLGERGASLSGGQRARVNLARAVYSDADIYLLDDPLSAVDAKVGKHIFENCINGLLSNKVRVLVTHQLQYMKS-ADYIVILDKGGVVKQGAYQQMKESGMDIDSLEKEF
K11710	MPSW01000976.1	6.40e-04	35.507	27	153	103065	102718	LRNVTLNVCKGEILAITGPVGSGKSSLLTAVLGEIPVCEGTISYYGK--------VSYVPQ---VPWVFSGTVKENILFGL-----------PFNEEKFQQIVDICGLTKDLAVFSNGDLTEIGQRGAILSGGQKARV
K11710	MPSW01002194.1	7.10e-04	29.299	15	153	45055	44612	ENVSFAYPTRPNILVLDKVSFSVTPGEVIALVGPSGGGKSTCISLLEHFYEPTSGEVLIDSIPVRNFEHKYLHSKVALVGQEPVLFARSIKENIAYGLGNGGNIDQTLVERVSHLANAHSFISDMSEGYDTETGEKGL---------QLSGGQKQRV
K11710	MPSW01000163.1	7.14e-04	29.299	15	153	109545	109102	ENVSFAYPTRPNILVLDKVSFSVTPGEVIALVGPSGGGKSTCISLLEHFYEPTSGEVLIDSIPVRNFEHKYLHSKVALVGQEPVLFARSIKENIAYGLGNGGNIDQTLVERVSHLANAHSFISDMSEGYDTETGEKGL---------QLSGGQKQRV
K19973	MPSW01010376.1	3.37e-09	32.544	3	167	3290	2820	ISLNNVSCSWNETDDLQTLQNISIEIGNKQLVAITGPVGCGKTSLLQAILGELPCHSGEITYSG--------SIAYVPQLPWV---FSGTVRENITFGKSLDTVRYQKILQACSLEKDLQQFSKGDFTHIGQRGVS-LSGGQRARICLARALYADANIFLLDDPFSAVD
K19973	MPSW01008010.1	5.74e-08	33.758	12	167	6252	5818	HEDRKALRDISFSVSRGQMLAVTGPVGGGKSSLLMAILGELPTLNGSVSVNG--------RIAYLSQMPWV---FSGTIRDNILFGRSFEPRRYQEIVEVCCMQADLHNFPQGDLTEIGHRGVS-LSGGQRARVSLARALYSDADIYLLDDPLSAVD
K19973	MPSW01000493.1	2.08e-07	30.435	17	216	24585	25151	TLDNVSLSATNGQLVGITGPVGSGKTSLLMTILGEIPISSGKISCIG--------KIAFVSQTPWV---YSGTVRDNIVFGKEFHEQKYNKVIDVCDLEK-------DLASFTKRDLTEIGQRGAILSGGQRARVSLARAIYSDADIYLLDDPFSAVDAKVGKHLFDRCIKEFLDGRMRILVTHQLQFLKETDSIVILRNGSVVCEG
K19973	MPSW01000493.1	9.52e-05	32.468	15	167	93347	93772	RPTLKNVSLKATSGQLVGITGPVGSGKTSLLMSILEELPVSAGQTSCLG--------KIAYVSQTPWV---FSGTMRENILFGKTFVEQKYFEIIQACDLTVDISRFPKGDLTEIGQRGVI-LSGGQRARVSLARAIYADADIYLLDDPLSAVD
K19973	MPSW01000493.1	1.24e-04	33.735	15	97	64666	64451	RPTLDNVSLNATNGQLVGITGSVGSGKTSLLMTILGEIPISSGKMSFIG--------KMAFVSQTPWV---YSGTVRDNIVFG
K19973	MPSW01003188.1	1.18e-06	36.364	2	97	18338	18075	ALCVSSLTHRHTKREDDFILQDIQFSTKSQSLTVITGPVGSGKSTLLSAIAGEITDISGKITFQG--------SFVYVPQTAWI---FSGTIRENILFG
K19973	MPSW01003430.1	1.68e-06	31.336	10	221	2471	1857	LTYKGLNRKDEFILQDIELTTTSGSLTVVTGPVGSGKSTLLSAIAGEISDTSGITRPE---------TIAYVPQVAWV---FSGTLRENILFGQPYDEHRYTRIIKACALMEDIQQFPNGDETIVGERGVVLSGGQRARVSLARAVYVDADLYLLDDPLSAVDVKVGQQIFEKCIKDLLGNKTRLLTTHQEQHMKEAHQVIVLYKGRVLSKGKFTEL
K19973	MPSW01003430.1	9.89e-06	36.364	2	97	21951	21688	TLRVSNLTYRQIERQDEYVLQDIEFSTAPQSLTVITGPVGSGKSTLLSAIAGEISDVSGTITFPGTPV--------YVPQTAWI---FSGTIRENILFG
K19973	MPSW01003430.1	1.68e-05	36.364	2	97	15732	15469	TLYVSNLTYRQIERQDEFILQDIEFFIASQSLTVITGPVGSGKSTLLSAIAGEISEVSGTITLPG--------TLVYVPQTAWI---FSGTIRENILFG
K19973	MPSW01003661.1	3.07e-06	28.302	17	221	25567	24986	ALQSVSLSAADGQLLGITGPVGSGKTSLLMTILGELPISSGKISCIG--------KIALVSQTPWV---YSGTVRDNIVFGNQFDVQRYNKVIEVCDLEK-------DIASFTKRDLTEIGQRGVILSGGQRARVSLARAIYSDADIYLLDDPLSAVDAKVGKHLFDKCIKEFLDGRMRILVTHHLQFLKETDSIVVLQNGSVICEGTYSQI
K19973	MPSW01003661.1	9.51e-06	27.830	17	221	18622	18041	ALQSVSLSPANGQLLGITGPVGSGKTSLLMTILGELPISSGKISCIG--------KIALVSQTPWV---YSGTVRDNIVFGNQFDVQRYNKVIEVCDLEK-------DIASFTKRDLTEIGQRGVILSGGQRARVSLARAIYSDADIYLLDDPLSAVDAKVGKHLFDKCIKEFLDRRMRILVTHHLQFLKETDSIVVLRNGSVICEGTYSRI
K19973	MPSW01004345.1	8.30e-06	41.860	2	82	34132	34359	ALSVSNLS--YRQIERDDEFILQDIQFSTVSQSLTVITGPVGSGKSTLLSAIAGEISDVSGTITFPG--------TLAYVPQTAWI
K19973	MPSW01000976.1	8.34e-06	29.596	3	221	91580	90948	ISIHEMSCSWNQDGPAHSLRGITLNASRGDLIAITGAVGSGKSSLLTAILGELPLRKGKISYHG--------KVAYAPQ---IPWVFSGTIRENILFGLPFDQKKFQRILDICGLTKDLADLTNGDLTEIGQRGAS-LSGGQKARVGLARAVYSDADIYLLDDPLSAVDTKVGRKLFNSCILDYLSGRIRLLVTHQLQCLKDVDRIAVMKNGSIICQGGYREL
K19973	MPSW01000976.1	3.64e-05	34.568	17	97	103068	102859	TLRNVTLNVCKGEILAITGPVGSGKSSLLTAVLGEIPVCEGTISYYG--------KVSYVPQVPWV---FSGTVKENILFG
K19973	MPSW01008800.1	9.48e-06	28.302	17	221	8935	8354	ALQSVSLSPANGQLLGITGPVGSGKTSLLMTILGELPISSGKISCIG--------KIALVSQTPWV---YSGTVRDNIVFGNQFDVQRYNKVIEVCDLEK-------DIASFTKRDLTEIGQRGVILSGGQRARVSLARAIYSDADIYLLDDPLSAVDAKVGKHLFDKCIKEFLDGRMRILVTHHLQFLKETDSIVVLQNGSVICEGTYSQI
K19973	MPSW01008800.1	1.01e-05	28.302	17	221	1958	1377	ALQSVSLSPANGQLLGITGPVGSGKTSLLMTILGELPISSGKISCIG--------KIALVSQTPWV---YSGTVRDNIVFGNQFDVQRYNKVIEVCDLEK-------DIASFTKRDLTEIGQRGVILSGGQRARVSLARAIYSDADIYLLDDPLSAVDAKVGKHLFDKCIKEFLDGRMRILVTHHLQFLKETDSIVVLQNGSVICEGTYSQI
K19973	MPSW01008978.1	1.01e-05	35.354	2	97	7866	7603	ALAVSGLTYRKFNREDEFFLENIELTAAAQSLTVITGPVGSGKSTLLSAIAGEVSNTSGKIAFQG--------TLVYVPQTAWV---FSGTIRENVLFG
K19973	MPSW01004484.1	1.29e-05	31.034	15	213	48990	48430	KAILQDVGFTTTPGGLTIITGPVGSGKSTLLSAIAGEVSDISGIVTCRG--------SLVYVPQIAWI---FSGTISENVLFGQAYNEDKYNSVLNSCALMKDVQQ----FPDYDQTVVGECGAVLSGGQRARVSLARAVYADADIYLLDDPLTAVDFKVGQHIFRQCIKGLLGDKTRVLICHEERYMKEA-DEVIVLDKGLV
K19973	MPSW01002621.1	1.31e-05	34.043	4	97	10802	10554	NLTNRQIERQDEFILQDIEFSTAPQSLTVITGPVGSGKSTLLSAIAGEISEVSGTITFQG--------SFVYVPQTAWI---FSGTIRENILFG
K19973	MPSW01003415.1	1.36e-05	35.802	17	97	10827	10618	TLDNVSLNATNGQLVGITGPVGSGKTSLLMTILGEIPISSGKMSFIG--------KMAFVSQTPWV---YSGTVRDNIVFG
K19973	MPSW01003415.1	1.39e-05	35.802	17	97	17073	16864	TLDNVSLNATNGQLVGITGPVGSGKTSLLMTILGEIPISSGKMSFIG--------KMAFVSQTPWV---YSGTVRDNIVFG
K19973	MPSW01000382.1	1.39e-05	27.692	5	69	56219	56025	LKCVSLCSHRKQILKDVTFTVYPGQTVALVGPSGSGKSTIIRLLYRFYDLDSGVISIDGQNIAKV
K19973	MPSW01000721.1	1.70e-05	31.081	11	80	48112	48333	STGSKVAVDELSLNIFKGQITALLGHNGAGKTTTISMLTGLFPPSSGSAHIDGKSIITDMDAIRDSLGLCPQHN
K19973	MPSW01001705.1	2.93e-05	29.268	3	80	33370	33615	LEQFSLQGSTGSKVAVDGLTLNMYKGQITALLGHNGAGKTTTMSILTGLFPPTSGSAHVDGKSILTDMEAIRESLGLCPQHN
K19973	MPSW01006800.1	6.05e-05	38.272	17	97	5577	5368	ILQDIEFSTASQSLTVITGPVGSGKSTLLSAIAGEISDVSGTITFLG--------TLVYVPQTAWI---FSGTIRENILFG
K19973	MPSW01007180.1	7.65e-05	32.979	4	97	7105	7353	NLTNRQIERQDEFILQDIEFYTAPQSLTVITGPVGSGKSTLLSAIAGEISEVSGTITFQG--------SFVYVPQAAWI---FSGTIRENILFG
K19973	MPSW01001218.1	9.46e-05	33.000	1	97	229766	229500	FALCVSNLTYKQTNRDDEFILNDIQFTASPTSLTVITGPVGREKSTLLSAITGEVSDTSGAISCRG--------SLVYVPQVAWI---FSGTIRENILFG
K19973	MPSW01000704.1	1.11e-04	31.928	5	167	15599	16063	ASNITCHWNGKNEAPVLSDVSIEVAEGKLLLVTGPVGCGKSSLLLALLEELPPSTGKVTRNG--------KIVYVPQTA---WAYSGTLRENILFNQAFDQEKYDRTIEACDLKKDIAMLPEGDKTLLGERGASLSGGQRARVNLARAVYSDADIYLLDDPLSAVD
K19973	MPSW01000443.1	1.17e-04	35.354	2	97	77255	77518	ALCVSHLTYKEFKRKDEFILQDIELTTTSGSLTVVTGPVGSGKSTLLSAIAGEISDTSGIITCP--------ETFVYVPQVAWV---FSGTLRENILFG
K19973	MPSW01003280.1	1.30e-04	36.082	3	97	18243	17986	LKVANLSCKQINRDDYILQDIELFARPRSLAIITGPVGSGKSTLLSAIAGEVLDISGTVTYQG--------TLVYVPQIAWV---FSGTIRENILFG
K19973	MPSW01000693.1	1.54e-04	32.927	5	79	172502	172260	IKNLSLVYYQDGPDILKDITFSVNSNEKIGIVGRTGAGKSSLVSALFRM-PQPTGQVIIDDVDTGKINIQSARRAMSVITQN
K19973	MPSW01000693.1	3.91e-04	36.458	5	97	176035	175781	MENVVCSWNGNWNIPCLKSLNLSVDKGDLAFITGRVGAGKSSLLYAILREIPLINGKTSSVG--------KIAWVGQQPWV---FSGTVRDNVLFG
K19973	MPSW01001844.1	2.42e-04	37.037	6	59	54969	54808	KRFNTGRKAKTVVKDLFFGVERGEVFGLLGPNGAGKTTSLNMVTGDLPPTRGKV
K19973	MPSW01000581.1	3.53e-04	30.882	15	78	46280	46483	KLAVDGLNLNLYQGQITSFLGHNGAGKTTTMSVLTGLFPPTSGTAIINGHDIRKDIDLVRKSLGICPQ
K19973	MPSW01004675.1	3.79e-04	32.530	15	97	56263	56478	RPTLKNVSLKATSGQLVGVTGPVGSGKTSLLMSILEELPMSAGQTSCIG--------KIAYVSQTPWV---FSGTMRENILFG
K19973	MPSW01003206.1	5.07e-04	34.375	5	97	27036	26782	LQNVVCSWSGNSNTPTLNSLCLSVGQGDLVFITGRVGCGKSSLLYTILREIPLITGVISYQG--------KIAWVGQQPWI---FSGTVRDNILFG
K19973	MPSW01001436.1	6.50e-04	30.000	3	69	25792	25583	VDFKNVTFSYPTRPTQTVLKDFTLSMPAGKMVALCGSSGAGKSTVAALLERFYDVDSGCISVDGHDITSL
K19973	MPSW01000429.1	0.001	32.292	3	97	265321	265067	ITLTNLTYKRDGQYVSLKSINFEDEDDNFVIITGPVGSGKSTFLSVIAGQIPVTEGNIQCCG--------TIAYVPQTPWV---FSGTLRENILFG
